protein,score,GO_term,GO_name,GO_namespace,GO_definition,GO_synonyms,GO_alternate_IDs,GO_parent_terms,GO_part_of,GO_child_terms,GO_obsolete,GO_replaced_by,GO_consider,GO_xref,GO_subset,GO_comment,GO_created_by,GO_creation_date
sp|P99999|CYC_HUMAN,0.5787,GO:0016020,membrane,cellular_component,A lipid bilayer along with all the proteins and protein complexes embedded in it and attached to it.,integral component of membrane (NARROW); integral to membrane (NARROW); membrane region (NARROW); region of membrane (NARROW); transmembrane (RELATED); whole membrane (NARROW),GO:0016021; GO:0098589; GO:0098805,GO:0110165 (cellular anatomical structure),,GO:0005628 (prospore membrane); GO:0005642 (annulate lamellae); GO:0005886 (plasma membrane); GO:0005905 (clathrin-coated pit); GO:0019867 (outer membrane); GO:0019898 (extrinsic component of membrane); GO:0031090 (organelle membrane); GO:0034045 (phagophore assembly site membrane); GO:0034357 (photosynthetic membrane); GO:0036362 (ascus membrane); GO:0042175 (nuclear outer membrane-endoplasmic reticulum membrane network); GO:0048475 (coated membrane); GO:0070056 (prospore membrane leading edge); GO:0097478 (leaflet of membrane bilayer); GO:0098552 (side of membrane); GO:0098590 (plasma membrane region); GO:0098796 (membrane protein complex); GO:0098857 (membrane microdomain); GO:0140221 (pathogen-containing vacuole membrane); GO:0140549 (spore inner membrane),False,,,"Wikipedia: Biological_membrane, Transmembrane_protein",goslim_candida; goslim_chembl; goslim_flybase_ribbon; goslim_metagenomics; goslim_pir; goslim_plant; goslim_yeast,,,2014-03-06T11:37:54Z
sp|P99999|CYC_HUMAN,0.5296,GO:0005737,cytoplasm,cellular_component,"The contents of a cell excluding the plasma membrane and nucleus, but including other subcellular structures.",,,GO:0110165 (cellular anatomical structure),GO:0005622,"GO:0000153 (cytoplasmic ubiquitin ligase complex); GO:0000164 (protein phosphatase type 1 complex); GO:0000177 (cytoplasmic exosome (RNase complex)); GO:0000308 (cytoplasmic cyclin-dependent protein kinase holoenzyme complex); GO:0000407 (phagophore assembly site); GO:0000809 (cytoplasmic origin of replication recognition complex); GO:0002096 (polkadots); GO:0005739 (mitochondrion); GO:0005773 (vacuole); GO:0005783 (endoplasmic reticulum); GO:0005793 (endoplasmic reticulum-Golgi intermediate compartment); GO:0005794 (Golgi apparatus); GO:0005829 (cytosol); GO:0005850 (eukaryotic translation initiation factor 2 complex); GO:0005851 (eukaryotic translation initiation factor 2B complex); GO:0005852 (eukaryotic translation initiation factor 3 complex); GO:0005853 (eukaryotic translation elongation factor 1 complex); GO:0005854 (nascent polypeptide-associated complex); GO:0005881 (cytoplasmic microtubule); GO:0005883 (neurofilament); GO:0005938 (cell cortex); GO:0005946 (alpha,alpha-trehalose-phosphate synthase complex (UDP-forming)); GO:0005948 (acetolactate synthase complex); GO:0005950 (anthranilate synthase complex); GO:0005951 (carbamoyl-phosphate synthase complex); GO:0005964 (phosphorylase kinase complex); GO:0005965 (protein farnesyltransferase complex); GO:0005968 (Rab-protein geranylgeranyltransferase complex); GO:0005969 (serine-pyruvate aminotransferase complex); GO:0009317 (acetyl-CoA carboxylase complex); GO:0009320 (phosphoribosylaminoimidazole carboxylase complex); GO:0009321 (alkyl hydroperoxide reductase complex); GO:0009328 (phenylalanine-tRNA ligase complex); GO:0009331 (glycerol-3-phosphate dehydrogenase (FAD) complex); GO:0009332 (glutamate-tRNA ligase complex); GO:0009333 (cysteine synthase complex); GO:0009336 (sulfate adenylyltransferase complex (ATP)); GO:0009339 (glycolate oxidase complex); GO:0009345 (glycine-tRNA ligase complex); GO:0009359 (type II site-specific deoxyribonuclease complex); GO:0009382 (imidazoleglycerol-phosphate synthase complex); GO:0009504 (cell plate); GO:0009524 (phragmoplast); GO:0009525 (phragmosome); GO:0009536 (plastid); GO:0009574 (preprophase band); GO:0016281 (eukaryotic translation initiation factor 4F complex); GO:0016528 (sarcoplasm); GO:0017102 (methionyl glutamyl tRNA synthetase complex); GO:0017109 (glutamate-cysteine ligase complex); GO:0018444 (translation release factor complex); GO:0019197 (phosphoenolpyruvate-dependent sugar phosphotransferase complex); GO:0019812 (type I site-specific deoxyribonuclease complex); GO:0019813 (type III site-specific deoxyribonuclease complex); GO:0020022 (acidocalcisome); GO:0030094 (plasma membrane-derived photosystem I); GO:0030096 (plasma membrane-derived thylakoid photosystem II); GO:0030117 (membrane coat); GO:0030700 (glycine reductase complex); GO:0031201 (SNARE complex); GO:0031209 (SCAR complex); GO:0031250 (anaerobic ribonucleoside-triphosphate reductase complex); GO:0031251 (PAN complex); GO:0031410 (cytoplasmic vesicle); GO:0031414 (N-terminal protein acetyltransferase complex); GO:0031680 (G-protein beta/gamma-subunit complex); GO:0032019 (mitochondrial cloud); GO:0032047 (mitosome); GO:0032068 (type IV site-specific deoxyribonuclease complex); GO:0032477 (homodimeric polyprenyl diphosphate synthase complex); GO:0032921 (sarcosine oxidase complex); GO:0034081 (polyketide synthase complex); GO:0034270 (Cvt complex); GO:0034274 (Atg12-Atg5-Atg16 complex); GO:0034430 (monolayer-surrounded lipid storage body outer lipid monolayer); GO:0034515 (proteasome storage granule); GO:0034709 (methylosome); GO:0034715 (pICln-Sm protein complex); GO:0034719 (SMN-Sm protein complex); GO:0034748 (Par3-APC-KIF3A complex); GO:0034749 (Scrib-APC complex); GO:0034750 (Scrib-APC-beta-catenin complex); GO:0034973 (Sid2-Mob1 complex); GO:0034996 (RasGAP-Fyn-Lyn-Yes complex); GO:0035550 (urease complex); GO:0036007 (scintillon); GO:0036457 (keratohyalin granule); GO:0036464 (cytoplasmic ribonucleoprotein granule); GO:0036501 (UFD1-NPL4 complex); GO:0042566 (hydrogenosome); GO:0042579 (microbody); GO:0042587 (glycogen granule); GO:0042716 (plasma membrane-derived chromatophore); GO:0042735 (endosperm protein body); GO:0043291 (RAVE complex); GO:0043292 (contractile muscle fiber); GO:0043597 (cytoplasmic replication fork); GO:0043614 (multi-eIF complex); GO:0044207 (translation initiation ternary complex); GO:0044222 (anammoxosome); GO:0044223 (pirellulosome); GO:0044227 (methane-oxidizing organelle); GO:0044312 (crystalloid); GO:0045169 (fusome); GO:0045170 (spectrosome); GO:0045239 (tricarboxylic acid cycle heteromeric enzyme complex); GO:0045251 (electron transfer flavoprotein complex); GO:0045253 (pyruvate dehydrogenase (lipoamide) phosphatase complex); GO:0045495 (pole plasm); GO:0048471 (perinuclear region of cytoplasm); GO:0048492 (ribulose bisphosphate carboxylase complex); GO:0048500 (signal recognition particle); GO:0055087 (Ski complex); GO:0060417 (yolk); GO:0061908 (phagophore); GO:0062073 (histone mRNA stem-loop binding complex); GO:0070088 (polyhydroxyalkanoate granule); GO:0070422 (G-protein beta/gamma-Raf-1 complex); GO:0070441 (G-protein beta/gamma-Btk complex); GO:0070695 (FHF complex); GO:0070826 (paraferritin complex); GO:0070992 (translation initiation complex); GO:0070993 (cytosolic translation preinitiation complex); GO:0071075 (CUGBP1-eIF2 complex); GO:0071142 (homomeric SMAD protein complex); GO:0071203 (WASH complex); GO:0071212 (subsynaptic reticulum); GO:0071513 (phosphopantothenoylcysteine decarboxylase complex); GO:0071563 (Myo2p-Vac17p-Vac8p transport complex); GO:0090651 (apical cytoplasm); GO:0090652 (basolateral cytoplasm); GO:0097014 (ciliary plasm); GO:0097433 (dense body); GO:0098593 (goblet cell theca); GO:0099568 (cytoplasmic region); GO:0106232 (hydroxyisourate hydrolase complex); GO:0110158 (calpain complex); GO:0120098 (procentriole); GO:0120099 (procentriole replication complex); GO:0120111 (neuron projection cytoplasm); GO:0120293 (dynein axonemal particle); GO:1905720 (cytoplasmic microtubule bundle); GO:1990229 (iron-sulfur cluster assembly complex); GO:1990316 (Atg1/ULK1 kinase complex); GO:1990565 (HSP90-CDC37 chaperone complex); GO:1990658 (transnitrosylase complex); GO:1990728 (mitotic spindle assembly checkpoint MAD1-MAD2 complex); GO:1990730 (VCP-NSFL1C complex); GO:1990783 (periphagosomal region of cytoplasm); GO:1990917 (ooplasm)",False,,,Wikipedia: Cytoplasm,goslim_candida; goslim_chembl; goslim_metagenomics; goslim_pir; goslim_plant; goslim_plant_ribbon; goslim_prokaryote; goslim_prokaryote_ribbon; goslim_yeast,,,
sp|P99999|CYC_HUMAN,0.4433,GO:0006139,nucleobase-containing compound metabolic process,biological_process,"Any cellular metabolic process involving nucleobases, nucleosides, nucleotides and nucleic acids.","cellular nucleobase, nucleoside, nucleotide and nucleic acid metabolic process (EXACT); cellular nucleobase, nucleoside, nucleotide and nucleic acid metabolism (EXACT); nucleobase, nucleoside and nucleotide metabolic process (RELATED); nucleobase, nucleoside, nucleotide and nucleic acid metabolic process (RELATED); nucleobase, nucleoside, nucleotide and nucleic acid metabolism (EXACT)",GO:0055134,GO:0044238 (primary metabolic process),,GO:0034654 (nucleobase-containing compound biosynthetic process); GO:0034655 (nucleobase-containing compound catabolic process); GO:0055086 (nucleobase-containing small molecule metabolic process); GO:0090304 (nucleic acid metabolic process); GO:0098506 (polynucleotide 3' dephosphorylation); GO:0098507 (polynucleotide 5' dephosphorylation),False,,,,goslim_pir; goslim_plant,,,
sp|P99999|CYC_HUMAN,0.4267,GO:0005634,nucleus,cellular_component,"A membrane-bounded organelle of eukaryotic cells in which chromosomes are housed and replicated. In most cells, the nucleus contains all of the cell's chromosomes except the organellar chromosomes, and is the site of RNA synthesis and processing. In some species, or in specialized cell types, RNA metabolism or DNA replication may be absent.",cell nucleus (EXACT); horsetail nucleus (NARROW),,GO:0043231 (intracellular membrane-bounded organelle),,GO:0000943 (retrotransposon nucleocapsid); GO:0005635 (nuclear envelope); GO:0005880 (nuclear microtubule); GO:0031039 (macronucleus); GO:0031040 (micronucleus); GO:0031981 (nuclear lumen); GO:0042405 (nuclear inclusion body); GO:0043073 (germ cell nucleus); GO:0043076 (megasporocyte nucleus); GO:0045120 (pronucleus); GO:0046818 (dense nuclear body); GO:0048353 (primary endosperm nucleus); GO:0048555 (generative cell nucleus); GO:0048556 (microsporocyte nucleus); GO:0097571 (left nucleus); GO:0097572 (right nucleus); GO:0110092 (nucleus leading edge); GO:0110093 (nucleus lagging edge); GO:0140510 (mitotic nuclear bridge); GO:0140513 (nuclear protein-containing complex); GO:1905754 (ascospore-type prospore nucleus),False,,,NIF_Subcellular: sao1702920020; Wikipedia: Cell_nucleus,goslim_agr; goslim_candida; goslim_chembl; goslim_drosophila; goslim_euk_cellular_processes_ribbon; goslim_flybase_ribbon; goslim_generic; goslim_metagenomics; goslim_mouse; goslim_pir; goslim_plant; goslim_plant_ribbon; goslim_yeast,,,
sp|P99999|CYC_HUMAN,0.4224,GO:0003723,RNA binding,molecular_function,Binding to an RNA molecule or a portion thereof.,base pairing with RNA (NARROW); poly(A) RNA binding (RELATED); poly(A)-RNA binding (RELATED); poly-A RNA binding (RELATED),GO:0000498; GO:0044822,GO:0003676 (nucleic acid binding),,GO:0000049 (tRNA binding); GO:0000339 (RNA cap binding); GO:0001069 (regulatory region RNA binding); GO:0002151 (G-quadruplex RNA binding); GO:0003725 (double-stranded RNA binding); GO:0003727 (single-stranded RNA binding); GO:0003729 (mRNA binding); GO:0008312 (7S RNA binding); GO:0017069 (snRNA binding); GO:0019843 (rRNA binding); GO:0030515 (snoRNA binding); GO:0030555 (RNA modification guide activity); GO:0033204 (ribonuclease P RNA binding); GO:0034336 (misfolded RNA binding); GO:0034583 (21U-RNA binding); GO:0035613 (RNA stem-loop binding); GO:0036002 (pre-mRNA binding); GO:0042835 (BRE binding); GO:0061752 (telomeric repeat-containing RNA binding); GO:0061980 (regulatory RNA binding); GO:0062104 (pumilio-response element binding); GO:0070034 (telomerase RNA binding); GO:0070878 (primary miRNA binding); GO:0070883 (pre-miRNA binding); GO:0071208 (histone pre-mRNA DCP binding); GO:0106222 (lncRNA binding); GO:1904678 (alpha-aminoacyl-tRNA binding); GO:1990605 (GU repeat RNA binding),False,,,"Reactome: R-HSA-203922 ""Exportin-5 recognizes 3' overhang of pre-miRNA""",goslim_agr; goslim_candida; goslim_chembl; goslim_drosophila; goslim_euk_cellular_processes_ribbon; goslim_flybase_ribbon; goslim_generic; goslim_mouse; goslim_plant; goslim_plant_ribbon; goslim_prokaryote; goslim_prokaryote_ribbon; goslim_yeast,,,
sp|P99999|CYC_HUMAN,0.4084,GO:0016043,cellular component organization,biological_process,"A process that results in the assembly, arrangement of constituent parts, or disassembly of a cellular component.",cell organisation (EXACT); cell organization and biogenesis (RELATED); cellular component organisation at cellular level (EXACT); cellular component organisation in other organism (EXACT); cellular component organization at cellular level (EXACT); cellular component organization in other organism (EXACT),GO:0044235; GO:0071842,GO:0071840 (cellular component organization or biogenesis),,GO:0006325 (chromatin organization); GO:0006996 (organelle organization); GO:0007028 (cytoplasm organization); GO:0010256 (endomembrane system organization); GO:0022411 (cellular component disassembly); GO:0022607 (cellular component assembly); GO:0030030 (cell projection organization); GO:0031023 (microtubule organizing center organization); GO:0032122 (oral apparatus organization); GO:0032535 (regulation of cellular component size); GO:0032989 (cellular anatomical entity morphogenesis); GO:0034330 (cell junction organization); GO:0034994 (microtubule organizing center attachment site organization); GO:0035845 (photoreceptor cell outer segment organization); GO:0043062 (extracellular structure organization); GO:0043580 (periplasmic space organization); GO:0043933 (protein-containing complex organization); GO:0043954 (cellular component maintenance); GO:0044396 (actin cortical patch organization); GO:0045229 (external encapsulating structure organization); GO:0061024 (membrane organization); GO:0072564 (blood microparticle formation); GO:0080177 (plastoglobule organization); GO:0097435 (supramolecular fiber organization); GO:0099022 (vesicle tethering); GO:0099172 (presynapse organization); GO:0099173 (postsynapse organization); GO:0120309 (cilium attachment to cell body); GO:0160194 (stereocilium bundle organization); GO:1904186 (post-anaphase microtubule array organization); GO:1990456 (mitochondrion-endoplasmic reticulum membrane tethering); GO:1990709 (presynaptic active zone organization); GO:1990854 (vacuole-ER tethering),False,,,,gocheck_do_not_annotate; goslim_agr; goslim_mouse; goslim_pir; goslim_plant; goslim_plant_ribbon,,,
sp|P99999|CYC_HUMAN,0.4079,GO:0016740,transferase activity,molecular_function,"Catalysis of the transfer of a group, e.g. a methyl group, glycosyl group, acyl group, phosphorus-containing, or other groups, from one compound (generally regarded as the donor) to another compound (generally regarded as the acceptor). Transferase is the systematic name for any enzyme of EC class 2.",,,GO:0003824 (catalytic activity),,"GO:0010280 (UDP-L-rhamnose synthase activity); GO:0016741 (transferase activity, transferring one-carbon groups); GO:0016744 (transketolase or transaldolase activity); GO:0016746 (acyltransferase activity); GO:0016757 (glycosyltransferase activity); GO:0016765 (transferase activity, transferring alkyl or aryl (other than methyl) groups); GO:0016769 (transferase activity, transferring nitrogenous groups); GO:0016772 (transferase activity, transferring phosphorus-containing groups); GO:0016782 (transferase activity, transferring sulphur-containing groups); GO:0016785 (selenotransferase activity); GO:0042123 (glucanosyltransferase activity); GO:0061599 (molybdopterin molybdotransferase activity); GO:0061863 (microtubule plus end polymerase activity); GO:0106265 (THPH synthase activity); GO:0106344 (4-amino-5-hydroxymethyl-2-methylpyrimidine phosphate synthase activity from histidine and PLP); GO:0140853 (cholesterol-protein transferase activity); GO:0160236 (tRNA 5-taurinomethyluridine synthase activity)",False,,,"EC: 2.-.-.-; Reactome: R-HSA-1483089 ""PE is converted to PS by PTDSS2"", R-HSA-1483186 ""PC is converted to PS by PTDSS1"", R-HSA-5668414 ""TRAF2 ubiquitinates cIAP1,2 in cIAP1,2:TRAF1:TRAF2:TRAF3:NIK"", R-HSA-8868783 ""TSR3 transfers aminocarboxypropyl group from S-adenosylmethionine to N(1)-methylpseudouridine-1248 of 18SE rRNA yielding N(1)-methyl-N(3)-aminocarboxypropylpseudouridine-1248""",goslim_candida; goslim_chembl; goslim_drosophila; goslim_generic; goslim_metagenomics; goslim_mouse; goslim_pir; goslim_plant; goslim_prokaryote; goslim_yeast,,,
sp|P99999|CYC_HUMAN,0.4009,GO:0009059,macromolecule biosynthetic process,biological_process,"The chemical reactions and pathways resulting in the formation of a macromolecule, any molecule of high relative molecular mass, the structure of which essentially comprises the multiple repetition of units derived, actually or conceptually, from molecules of low relative molecular mass.",biopolymer biosynthetic process (EXACT); macromolecule anabolism (EXACT); macromolecule biosynthesis (EXACT); macromolecule formation (EXACT); macromolecule synthesis (EXACT),GO:0043284,GO:0009058 (biosynthetic process); GO:0043170 (macromolecule metabolic process),,GO:0000271 (polysaccharide biosynthetic process); GO:0006023 (aminoglycan biosynthetic process); GO:0006412 (translation); GO:0006414 (translational elongation); GO:0009101 (glycoprotein biosynthetic process); GO:0009242 (colanic acid biosynthetic process); GO:0010021 (amylopectin biosynthetic process); GO:0010143 (cutin biosynthetic process); GO:0010467 (gene expression); GO:0016063 (rhodopsin biosynthetic process); GO:0031108 (holo-[acyl-carrier-protein] biosynthetic process); GO:0036489 (neuromelanin biosynthetic process); GO:0042158 (lipoprotein biosynthetic process); GO:0042541 (hemoglobin biosynthetic process); GO:0042966 (biotin carboxyl carrier protein biosynthetic process); GO:0042983 (amyloid precursor protein biosynthetic process); GO:0044038 (cell wall macromolecule biosynthetic process); GO:0045112 (integrin biosynthetic process); GO:0045341 (MHC class I biosynthetic process); GO:0045342 (MHC class II biosynthetic process); GO:0051191 (prosthetic group biosynthetic process); GO:0070501 (poly-gamma-glutamate biosynthetic process); GO:0071710 (membrane macromolecule biosynthetic process); GO:0141187 (nucleic acid biosynthetic process); GO:0160307 (protein biosynthetic process); GO:1903605 (cytochrome biosynthetic process); GO:1990145 (maintenance of translational fidelity),False,,,,gocheck_do_not_annotate; goslim_pir,"Note that this term is in the subset of terms that should not be used for direct gene product annotation. Instead, select a child term or, if no appropriate child term exists, please request a new term. Direct annotations to this term may be amended during annotation QC.",,
sp|P99999|CYC_HUMAN,0.3887,GO:0044085,cellular component biogenesis,biological_process,"A process that results in the biosynthesis of constituent macromolecules, assembly, and arrangement of constituent parts of a cellular component. Includes biosynthesis of constituent macromolecules, and those macromolecular modifications that are involved in synthesis or assembly of the cellular component.",cellular component biogenesis at cellular level (EXACT),GO:0071843,GO:0071840 (cellular component organization or biogenesis),,GO:0010344 (seed oilbody biogenesis); GO:0017126 (nucleologenesis); GO:0022607 (cellular component assembly); GO:0022613 (ribonucleoprotein complex biogenesis); GO:0031671 (primary cell septum biogenesis); GO:0042546 (cell wall biogenesis); GO:0044091 (membrane biogenesis); GO:0061110 (dense core granule biogenesis); GO:0140112 (extracellular vesicle biogenesis); GO:1990344 (secondary cell septum biogenesis),False,,,,gocheck_do_not_annotate; goslim_pir,,,
sp|P99999|CYC_HUMAN,0.3875,GO:0032991,protein-containing complex,cellular_component,"A stable assembly of two or more macromolecules, i.e. proteins, nucleic acids, carbohydrates or lipids, in which at least one component is a protein and the constituent parts function together.",macromolecular complex (EXACT); macromolecule complex (EXACT); protein complex (NARROW); protein containing complex (EXACT); protein-protein complex (NARROW),GO:0043234,GO:0005575 (cellular_component),,"GO:0000133 (polarisome); GO:0000417 (HIR complex); GO:0000796 (condensin complex); GO:0000808 (origin recognition complex); GO:0000930 (gamma-tubulin complex); GO:0000939 (inner kinetochore); GO:0000940 (outer kinetochore); GO:0000974 (Prp19 complex); GO:0001114 (protein-DNA-RNA complex); GO:0001534 (radial spoke); GO:0001535 (radial spoke head); GO:0001536 (radial spoke stalk); GO:0002096 (polkadots); GO:0002133 (polycystin complex); GO:0002142 (stereocilia ankle link complex); GO:0002167 (VRK3/VHR/ERK complex); GO:0002193 (MAML1-RBP-Jkappa- ICN1 complex); GO:0002199 (zona pellucida receptor complex); GO:0002929 (MECO complex); GO:0005577 (fibrinogen complex); GO:0005581 (collagen trimer); GO:0005602 (complement component C1 complex); GO:0005616 (larval serum protein complex); GO:0005663 (DNA replication factor C complex); GO:0005667 (transcription regulator complex); GO:0005831 (steroid hormone aporeceptor complex); GO:0005833 (hemoglobin complex); GO:0005838 (proteasome regulatory particle); GO:0005850 (eukaryotic translation initiation factor 2 complex); GO:0005852 (eukaryotic translation initiation factor 3 complex); GO:0005853 (eukaryotic translation elongation factor 1 complex); GO:0005854 (nascent polypeptide-associated complex); GO:0005861 (troponin complex); GO:0005862 (muscle thin filament tropomyosin); GO:0005875 (microtubule associated complex); GO:0005885 (Arp2/3 protein complex); GO:0005931 (axonemal nexin link); GO:0008091 (spectrin); GO:0008278 (cohesin complex); GO:0008290 (F-actin capping protein complex); GO:0008537 (proteasome activator complex); GO:0008540 (proteasome regulatory particle, base subcomplex); GO:0008541 (proteasome regulatory particle, lid subcomplex); GO:0009321 (alkyl hydroperoxide reductase complex); GO:0009390 (dimethyl sulfoxide reductase complex); GO:0015627 (type II protein secretion system complex); GO:0016272 (prefoldin complex); GO:0016459 (myosin complex); GO:0017102 (methionyl glutamyl tRNA synthetase complex); GO:0018444 (translation release factor complex); GO:0019035 (viral integration complex); GO:0019036 (viral transcriptional complex); GO:0019773 (proteasome core complex, alpha-subunit complex); GO:0019774 (proteasome core complex, beta-subunit complex); GO:0019814 (immunoglobulin complex); GO:0022623 (proteasome-activating nucleotidase complex); GO:0022624 (proteasome accessory complex); GO:0030076 (light-harvesting complex); GO:0030080 (B875 antenna complex); GO:0030081 (B800-820 antenna complex); GO:0030082 (B800-850 antenna complex); GO:0030256 (type I protein secretion system complex); GO:0030257 (type III protein secretion system complex); GO:0030314 (junctional membrane complex); GO:0030990 (intraciliary transport particle); GO:0030991 (intraciliary transport particle A); GO:0030992 (intraciliary transport particle B); GO:0030993 (axonemal heterotrimeric kinesin-II complex); GO:0031074 (nucleocytoplasmic transport complex); GO:0031105 (septin complex); GO:0031209 (SCAR complex); GO:0031262 (Ndc80 complex); GO:0031389 (Rad17 RFC-like complex); GO:0031395 (bursicon neuropeptide hormone complex); GO:0031511 (Mis6-Sim4 complex); GO:0031521 (spitzenkorper); GO:0031680 (G-protein beta/gamma-subunit complex); GO:0031838 (haptoglobin-hemoglobin complex); GO:0031941 (filamentous actin); GO:0032300 (mismatch repair complex); GO:0032311 (angiogenin-PRI complex); GO:0032766 (NHE3/E3KARP/ACTN4 complex); GO:0032777 (piccolo histone acetyltransferase complex); GO:0032992 (protein-carbohydrate complex); GO:0032993 (protein-DNA complex); GO:0032994 (protein-lipid complex); GO:0033061 (DNA recombinase mediator complex); GO:0033104 (type VI protein secretion system complex); GO:0033186 (CAF-1 complex); GO:0033193 (Lsd1/2 complex); GO:0033551 (monopolin complex); GO:0033596 (TSC1-TSC2 complex); GO:0034044 (exomer complex); GO:0034270 (Cvt complex); GO:0034464 (BBSome); GO:0034748 (Par3-APC-KIF3A complex); GO:0034749 (Scrib-APC complex); GO:0034750 (Scrib-APC-beta-catenin complex); GO:0034973 (Sid2-Mob1 complex); GO:0034996 (RasGAP-Fyn-Lyn-Yes complex); GO:0035649 (Nrd1 complex); GO:0035693 (NOS2-CD74 complex); GO:0035859 (Seh1-associated complex); GO:0036038 (MKS complex); GO:0036284 (tubulobulbar complex); GO:0036286 (eisosome filament); GO:0036375 (Kibra-Ex-Mer complex); GO:0036398 (TCR signalosome); GO:0036452 (ESCRT complex); GO:0036454 (growth factor complex); GO:0036501 (UFD1-NPL4 complex); GO:0038045 (large latent transforming growth factor-beta complex); GO:0038059 (IKKalpha-IKKalpha complex); GO:0039658 (TBK1-IKKE-DDX3 complex); GO:0042555 (MCM complex); GO:0043235 (receptor complex); GO:0043256 (laminin trimer); GO:0043291 (RAVE complex); GO:0043293 (apoptosome); GO:0043493 (viral terminase complex); GO:0043511 (inhibin complex); GO:0043514 (interleukin-12 complex); GO:0043684 (type IV secretion system complex); GO:0043850 (RecFOR complex); GO:0044697 (HICS complex); GO:0044777 (single-stranded DNA-binding protein complex); GO:0044816 (Nsk1-Dlc1 complex); GO:0045251 (electron transfer flavoprotein complex); GO:0045298 (tubulin complex); GO:0046798 (viral portal complex); GO:0046806 (viral scaffold); GO:0048180 (activin complex); GO:0055087 (Ski complex); GO:0061574 (ASAP complex); GO:0061696 (pituitary gonadotropin complex); GO:0061700 (GATOR2 complex); GO:0061702 (canonical inflammasome complex); GO:0061703 (pyroptosome complex); GO:0061927 (TOC-TIC supercomplex I); GO:0061957 (NVT complex); GO:0062048 (lymphotoxin complex); GO:0062049 (protein phosphatase inhibitor complex); GO:0062073 (histone mRNA stem-loop binding complex); GO:0062092 (Yae1-Lto1 complex); GO:0062167 (complement component C1q complex); GO:0070288 (ferritin complex); GO:0070422 (G-protein beta/gamma-Raf-1 complex); GO:0070441 (G-protein beta/gamma-Btk complex); GO:0070695 (FHF complex); GO:0070743 (interleukin-23 complex); GO:0070744 (interleukin-27 complex); GO:0070745 (interleukin-35 complex); GO:0070826 (paraferritin complex); GO:0071075 (CUGBP1-eIF2 complex); GO:0071141 (SMAD protein complex); GO:0071203 (WASH complex); GO:0071563 (Myo2p-Vac17p-Vac8p transport complex); GO:0071817 (MMXD complex); GO:0072379 (ER membrane insertion complex); GO:0090443 (FAR/SIN/STRIPAK complex); GO:0090665 (glycoprotein complex); GO:0097057 (TRAF2-GSTP1 complex); GO:0097058 (CRLF-CLCF1 complex); GO:0097059 (CNTFR-CLCF1 complex); GO:0097071 (interferon regulatory factor complex); GO:0097078 (FAL1-SGD1 complex); GO:0097136 (Bcl-2 family protein complex); GO:0097196 (Shu complex); GO:0097255 (R2TP complex); GO:0097347 (TAM protein secretion complex); GO:0097373 (MCM core complex); GO:0097452 (GAIT complex); GO:0097495 (H-NS-Hha complex); GO:0097537 (Y-shaped link); GO:0097710 (viral terminase, small subunit); GO:0098046 (type V protein secretion system complex); GO:0098561 (methyl accepting chemotaxis protein complex); GO:0098636 (protein complex involved in cell adhesion); GO:0098733 (hemidesmosome associated protein complex); GO:0098745 (RNA decapping complex); GO:0098796 (membrane protein complex); GO:0098798 (mitochondrial protein-containing complex); GO:0098803 (respiratory chain complex); GO:0098820 (trans-synaptic protein complex); GO:0099023 (vesicle tethering complex); GO:0099126 (transforming growth factor beta complex); GO:0106002 (mCRD-mediated mRNA stability complex); GO:0106003 (amyloid-beta complex); GO:0106093 (EDS1 disease-resistance complex); GO:0106249 (Nicalin-NOMO complex); GO:0106333 (subcortical maternal complex); GO:0110078 (TTT Hsp90 cochaperone complex); GO:0110131 (Aim21-Tda2 complex); GO:0110157 (reelin complex); GO:0120099 (procentriole replication complex); GO:0120114 (Sm-like protein family complex); GO:0120124 (membrane fusion priming complex); GO:0120155 (MIH complex); GO:0120171 (Cdc24p-Far1p-Gbetagamma complex); GO:0120216 (matrilin complex); GO:0120228 (outer dynein arm docking complex); GO:0120339 (radial spoke base); GO:0120343 (radial spoke neck); GO:0140007 (KICSTOR complex); GO:0140224 (SLAC complex); GO:0140225 (DNA topoisomerase III-beta-TDRD3 complex); GO:0140451 (counting factor complex); GO:0140513 (nuclear protein-containing complex); GO:0140534 (endoplasmic reticulum protein-containing complex); GO:0140535 (intracellular protein-containing complex); GO:0140910 (iRhom2/ADAM17 sheddase complex); GO:0150005 (enzyme activator complex); GO:0160055 (glideosome); GO:0160065 (SIN/MEN signaling complex); GO:0160074 (non-canonical inflammasome complex); GO:0160092 (hemozoin formation complex); GO:0160271 (FERRY complex); GO:0160292 (sodium-translocating NADH:quinone reductase complex); GO:0160309 (commander complex); GO:0170027 (SKA complex); GO:0170071 (CROP complex); GO:0180019 (Knl1/Spc105 complex); GO:0180022 (RQC-trigger complex); GO:0180049 (Mrh5C translation activator complex); GO:1902494 (catalytic complex); GO:1902695 (metallochaperone complex); GO:1903502 (translation repressor complex); GO:1903503 (ATPase inhibitor complex); GO:1904090 (peptidase inhibitor complex); GO:1905742 (Ras guanyl-nucleotide exchange factor complex); GO:1990062 (RPAP3/R2TP/prefoldin-like complex); GO:1990065 (Dxr protein complex); GO:1990078 (replication inhibiting complex); GO:1990100 (DnaB-DnaC complex); GO:1990104 (DNA bending complex); GO:1990112 (RQC complex); GO:1990125 (DiaA complex); GO:1990130 (GATOR1 complex); GO:1990200 (SsuD-SsuE complex); GO:1990229 (iron-sulfur cluster assembly complex); GO:1990249 (nucleotide-excision repair, DNA damage recognition complex); GO:1990252 (Syp1 complex); GO:1990298 (bub1-bub3 complex); GO:1990315 (Mcs4 RR-MAPKKK complex); GO:1990341 (thrombospondin complex); GO:1990346 (BID-BCL-xl complex); GO:1990351 (transporter complex); GO:1990393 (3M complex); GO:1990423 (RZZ complex); GO:1990463 (lateral cortical node); GO:1990499 (raps-insc complex); GO:1990509 (PYM-mago-Y14 complex); GO:1990526 (Ste12p-Dig1p-Dig2p complex); GO:1990527 (Tec1p-Ste12p-Dig1p complex); GO:1990528 (Rvs161p-Rvs167p complex); GO:1990533 (Dom34-Hbs1 complex); GO:1990563 (extracellular exosome complex); GO:1990586 (divisome complex); GO:1990597 (AIP1-IRE1 complex); GO:1990615 (Kelch-containing formin regulatory complex); GO:1990630 (IRE1-RACK1-PP2A complex); GO:1990660 (calprotectin complex); GO:1990661 (S100A8 complex); GO:1990665 (AnxA2-p11 complex); GO:1990666 (PCSK9-LDLR complex); GO:1990667 (PCSK9-AnxA2 complex); GO:1990682 (CSF1-CSF1R complex); GO:1990684 (protein-lipid-RNA complex); GO:1990696 (USH2 complex); GO:1990706 (MAD1 complex); GO:1990727 (tubulin folding cofactor complex); GO:1990728 (mitotic spindle assembly checkpoint MAD1-MAD2 complex); GO:1990730 (VCP-NSFL1C complex); GO:1990733 (titin-telethonin complex); GO:1990745 (EARP complex); GO:1990788 (GLI-SUFU complex); GO:1990811 (MWP complex); GO:1990871 (Vma12-Vma22 assembly complex); GO:1990904 (ribonucleoprotein complex); GO:1990909 (Wnt signalosome); GO:1990923 (PET complex); GO:1990957 (NPHP complex); GO:1990964 (actin cytoskeleton-regulatory complex)",False,,,,goslim_agr; goslim_chembl; goslim_euk_cellular_processes_ribbon; goslim_flybase_ribbon; goslim_mouse; goslim_pir,"A protein complex in this context is meant as a stable set of interacting proteins which can be co-purified by an acceptable method, and where the complex has been shown to exist as an isolated, functional unit in vivo. Acceptable experimental methods include stringent protein purification followed by detection of protein interaction. The following methods should be considered non-acceptable: simple immunoprecipitation, pull-down experiments from cell extracts without further purification, colocalization and 2-hybrid screening. Interactions that should not be captured as protein complexes include: 1) enzyme/substrate, receptor/ligand or any similar transient interactions, unless these are a critical part of the complex assembly or are required e.g. for the receptor to be functional; 2) proteins associated in a pull-down/co-immunoprecipitation assay with no functional link or any evidence that this is a defined biological entity rather than a loose-affinity complex; 3) any complex where the only evidence is based on genetic interaction data; 4) partial complexes, where some subunits (e.g. transmembrane ones) cannot be expressed as recombinant proteins and are excluded from experiments (in this case, independent evidence is necessary to find out the composition of the full complex, if known). Interactions that may be captured as protein complexes include: 1) enzyme/substrate or receptor/ligand if the complex can only assemble and become functional in the presence of both classes of subunits; 2) complexes where one of the members has not been shown to be physically linked to the other(s), but is a homologue of, and has the same functionality as, a protein that has been experimentally demonstrated to form a complex with the other member(s); 3) complexes whose existence is accepted based on localization and pharmacological studies, but for which experimental evidence is not yet available for the complex as a whole.",,
sp|P99999|CYC_HUMAN,0.3474,GO:0140640,"catalytic activity, acting on a nucleic acid",molecular_function,Catalytic activity that acts to modify a nucleic acid.,,,GO:0003824 (catalytic activity),,"GO:0004386 (helicase activity); GO:0004518 (nuclease activity); GO:0140097 (catalytic activity, acting on DNA); GO:0140098 (catalytic activity, acting on RNA); GO:0140666 (annealing activity); GO:0160225 (G-quadruplex unwinding activity)",False,,,,,,pg,2021-05-11T06:31:07Z
sp|P99999|CYC_HUMAN,0.3226,GO:0000166,nucleotide binding,molecular_function,"Binding to a nucleotide, any compound consisting of a nucleoside that is esterified with (ortho)phosphate or an oligophosphate at any hydroxyl group on the ribose or deoxyribose.",,,GO:1901265 (nucleoside phosphate binding); GO:1901363 (heterocyclic compound binding),,GO:0008327 (methyl-CpG binding); GO:0010428 (methyl-CpNpG binding); GO:0010429 (methyl-CpNpN binding); GO:0017076 (purine nucleotide binding); GO:0019103 (pyrimidine nucleotide binding); GO:0030551 (cyclic nucleotide binding); GO:0032552 (deoxyribonucleotide binding); GO:0032553 (ribonucleotide binding); GO:0050660 (flavin adenine dinucleotide binding),False,,,,goslim_chembl; goslim_metagenomics; goslim_pir; goslim_plant,,,
sp|P99999|CYC_HUMAN,0.3056,GO:0016787,hydrolase activity,molecular_function,"Catalysis of the hydrolysis of various bonds, e.g. C-O, C-N, C-C, phosphoric anhydride bonds, etc.",,,GO:0003824 (catalytic activity),,"GO:0008233 (peptidase activity); GO:0016788 (hydrolase activity, acting on ester bonds); GO:0016798 (hydrolase activity, acting on glycosyl bonds); GO:0016801 (hydrolase activity, acting on ether bonds); GO:0016810 (hydrolase activity, acting on carbon-nitrogen (but not peptide) bonds); GO:0016817 (hydrolase activity, acting on acid anhydrides); GO:0016822 (hydrolase activity, acting on carbon-carbon bonds); GO:0016824 (hydrolase activity, acting on halide bonds); GO:0016825 (hydrolase activity, acting on phosphorus-nitrogen bonds); GO:0016826 (hydrolase activity, acting on sulfur-nitrogen bonds); GO:0016827 (hydrolase activity, acting on carbon-phosphorus bonds); GO:0016828 (hydrolase activity, acting on sulfur-sulfur bonds); GO:0017171 (serine hydrolase activity); GO:0019786 (protein-phosphatidylethanolamide deconjugating activity); GO:0034084 (steryl deacetylase activity); GO:0046508 (hydrolase activity, acting on carbon-sulfur bonds); GO:0051747 (cytosine C-5 DNA demethylase activity); GO:0098599 (palmitoyl hydrolase activity)",False,,,"EC: 3.-.-.-; Reactome: R-HSA-1236938 ""Partial proteolysis of antigen in phagolysosomes"", R-HSA-2029475 ""Production of AA by iPLA2 upon FCGR activation"", R-HSA-5694583 ""ABHD4 hydrolyses NAPE"", R-HSA-5695964 ""ABHD14B hydrolyses PNPB"", R-HSA-6786190 ""CMBL hydrolyses OM to OLMS"", R-HSA-6788295 ""HDHD1:Mg2+ dephosphorylates PURIDP"", R-HSA-8938314 ""ENPPs hydrolyse CoA-SH to PPANT, PAP"", R-HSA-8952137 ""Phospholipid phosphatase 6 hydrolyses Presqualene diphosphate to presqualene monophosphate""",goslim_candida; goslim_chembl; goslim_drosophila; goslim_generic; goslim_metagenomics; goslim_mouse; goslim_pir; goslim_plant; goslim_prokaryote; goslim_yeast,,,
